SNC Title,Assigned CMO,Assigned Category,SNC Description
SNC Entry 1,SNC (Boehringer Ingelheim/108112) - R&D,Biologics,Material Code: 7EEQT — Client is notified for change in extending warehouse usage. Please respond with signature copy to ensure timely assessment of this change.
SNC Entry 2,Thermo Fisher,Formulation,Material Code: V86WZ — Client is notified for change in extending warehouse usage. Please respond with signature copy to ensure timely assessment of this change.
SNC Entry 3,Hovione,API,Material Code: P6QF5 — Client is notified for change in change in label. Please respond with signature copy to ensure timely assessment of this change.
SNC Entry 4,Patheon,Formulation,Material Code: JIW1S — Client is notified for change in change in excipients. Please respond with signature copy to ensure timely assessment of this change.
SNC Entry 5,GRAM,Formulation,Material Code: JCKJL — Client is notified for change in extending warehouse usage. Please respond with signature copy to ensure timely assessment of this change.
SNC Entry 6,GRAM,Small Molecule,Material Code: CFNFH — Client is notified for change in change in packaging label. Please respond with signature copy to ensure timely assessment of this change.
SNC Entry 7,Fisher Clinical,Biologics,Material Code: OTOHP — Client is notified for change in change in QA leadership. Please respond with signature copy to ensure timely assessment of this change.
SNC Entry 8,Thermo Fisher,Formulation,Material Code: 8A5UR — Client is notified for change in change in column name. Please respond with signature copy to ensure timely assessment of this change.
SNC Entry 9,SNC (Boehringer Ingelheim/108112) - R&D,Biologics,Material Code: KO64T — Client is notified for change in extending warehouse usage. Please respond with signature copy to ensure timely assessment of this change.
SNC Entry 10,SNC (Boehringer Ingelheim/108112) - SPIL,Small Molecule,Material Code: 26RJR — Client is notified for change in change in packaging label. Please respond with signature copy to ensure timely assessment of this change.
SNC Entry 11,Thermo Fisher,Biologics,Material Code: MYOFQ — Client is notified for change in change in raw material supplier. Please respond with signature copy to ensure timely assessment of this change.
SNC Entry 12,SNC (Boehringer Ingelheim/108112) - Biologics EQ,Formulation,Material Code: 9T6VX — Client is notified for change in process description report. Please respond with signature copy to ensure timely assessment of this change.
SNC Entry 13,Lonza,Biologics,Material Code: XEQBN — Client is notified for change in change in excipients. Please respond with signature copy to ensure timely assessment of this change.
SNC Entry 14,Hovione,Lab Testing,Material Code: QM5K8 — Client is notified for change in change in packaging label. Please respond with signature copy to ensure timely assessment of this change.
SNC Entry 15,Hovione,Small Molecule,Material Code: JCAT9 — Client is notified for change in change in column name. Please respond with signature copy to ensure timely assessment of this change.
SNC Entry 16,Thermo Fisher,API,Material Code: IC8BB — Client is notified for change in change in excipients. Please respond with signature copy to ensure timely assessment of this change.
SNC Entry 17,GRAM,Biologics,Material Code: HAFEY — Client is notified for change in change in QA leadership. Please respond with signature copy to ensure timely assessment of this change.
SNC Entry 18,GRAM,Formulation,Material Code: 8QJNV — Client is notified for change in process description report. Please respond with signature copy to ensure timely assessment of this change.
SNC Entry 19,SNC (Boehringer Ingelheim/108112) - SPIL,Small Molecule,Material Code: 2FLU7 — Client is notified for change in change in QA leadership. Please respond with signature copy to ensure timely assessment of this change.
SNC Entry 20,SNC (Boehringer Ingelheim/108112) - Biologics EQ,Formulation,Material Code: Y8OZC — Client is notified for change in change in excipients. Please respond with signature copy to ensure timely assessment of this change.
SNC Entry 21,Hovione,Formulation,Material Code: D14VE — Client is notified for change in change in QA leadership. Please respond with signature copy to ensure timely assessment of this change.
SNC Entry 22,SNC (Boehringer Ingelheim/108112) - SPIL,Biologics,Material Code: 2MPNS — Client is notified for change in change in column name. Please respond with signature copy to ensure timely assessment of this change.
SNC Entry 23,GRAM,Formulation,Material Code: APRPN — Client is notified for change in change in label. Please respond with signature copy to ensure timely assessment of this change.
SNC Entry 24,SNC (Boehringer Ingelheim/108112) - R&D,Biologics,Material Code: ZP08J — Client is notified for change in extending warehouse usage. Please respond with signature copy to ensure timely assessment of this change.
SNC Entry 25,SNC (Boehringer Ingelheim/108112) - SPIL,API,Material Code: 1Q3VL — Client is notified for change in change in excipients. Please respond with signature copy to ensure timely assessment of this change.
SNC Entry 26,Lonza,Lab Testing,Material Code: 3D5IQ — Client is notified for change in change in QA leadership. Please respond with signature copy to ensure timely assessment of this change.
SNC Entry 27,GRAM,Formulation,Material Code: YMRLR — Client is notified for change in change in column name. Please respond with signature copy to ensure timely assessment of this change.
SNC Entry 28,BMS,Formulation,Material Code: 2M5ZJ — Client is notified for change in batch manufacturing process. Please respond with signature copy to ensure timely assessment of this change.
SNC Entry 29,SNC (Boehringer Ingelheim/108112) - Biologics EQ,Formulation,Material Code: SGIOT — Client is notified for change in change in excipients. Please respond with signature copy to ensure timely assessment of this change.
SNC Entry 30,Patheon,Packaging,Material Code: YXR2D — Client is notified for change in change in excipients. Please respond with signature copy to ensure timely assessment of this change.
SNC Entry 31,Hovione,Packaging,Material Code: OIXNT — Client is notified for change in change in column name. Please respond with signature copy to ensure timely assessment of this change.
SNC Entry 32,Fisher Clinical,Small Molecule,Material Code: P0LZJ — Client is notified for change in change in software system. Please respond with signature copy to ensure timely assessment of this change.
SNC Entry 33,Lonza,Lab Testing,Material Code: IZL08 — Client is notified for change in change in raw material supplier. Please respond with signature copy to ensure timely assessment of this change.
SNC Entry 34,Pfizer,Lab Testing,Material Code: G0JV1 — Client is notified for change in change in QA leadership. Please respond with signature copy to ensure timely assessment of this change.
SNC Entry 35,Patheon,Packaging,Material Code: KDGIG — Client is notified for change in batch manufacturing process. Please respond with signature copy to ensure timely assessment of this change.
SNC Entry 36,Fisher Clinical,Small Molecule,Material Code: ZEBBK — Client is notified for change in change in raw material supplier. Please respond with signature copy to ensure timely assessment of this change.
SNC Entry 37,GRAM,Packaging,Material Code: W1DAK — Client is notified for change in change in label. Please respond with signature copy to ensure timely assessment of this change.
SNC Entry 38,Pfizer,API,Material Code: PGB7R — Client is notified for change in process description report. Please respond with signature copy to ensure timely assessment of this change.
SNC Entry 39,Thermo Fisher,Small Molecule,Material Code: OCWBF — Client is notified for change in change in QA leadership. Please respond with signature copy to ensure timely assessment of this change.
SNC Entry 40,Thermo Fisher,Lab Testing,Material Code: 8DIUO — Client is notified for change in change in QA leadership. Please respond with signature copy to ensure timely assessment of this change.
SNC Entry 41,Lonza,Lab Testing,Material Code: 2ISQP — Client is notified for change in change in QA leadership. Please respond with signature copy to ensure timely assessment of this change.
SNC Entry 42,Thermo Fisher,Packaging,Material Code: 9KWV0 — Client is notified for change in change in excipients. Please respond with signature copy to ensure timely assessment of this change.
SNC Entry 43,Pfizer,API,Material Code: WJCIT — Client is notified for change in change in raw material supplier. Please respond with signature copy to ensure timely assessment of this change.
SNC Entry 44,Pfizer,Packaging,Material Code: AQVKI — Client is notified for change in change in software system. Please respond with signature copy to ensure timely assessment of this change.
SNC Entry 45,SNC (Boehringer Ingelheim/108112) - Biologics EQ,Biologics,Material Code: ZQY72 — Client is notified for change in change in QA leadership. Please respond with signature copy to ensure timely assessment of this change.
SNC Entry 46,Patheon,Biologics,Material Code: X7PTX — Client is notified for change in change in software system. Please respond with signature copy to ensure timely assessment of this change.
SNC Entry 47,Hovione,API,Material Code: 3CFL0 — Client is notified for change in change in QA leadership. Please respond with signature copy to ensure timely assessment of this change.
SNC Entry 48,BMS,Formulation,Material Code: 7PQKO — Client is notified for change in change in software system. Please respond with signature copy to ensure timely assessment of this change.
SNC Entry 49,SNC (Boehringer Ingelheim/108112) - SPIL,Formulation,Material Code: SRCBP — Client is notified for change in change in column name. Please respond with signature copy to ensure timely assessment of this change.
SNC Entry 50,Thermo Fisher,Biologics,Material Code: VAIY4 — Client is notified for change in change in QA leadership. Please respond with signature copy to ensure timely assessment of this change.
SNC Entry 51,Lonza,Biologics,Material Code: 89YJB — Client is notified for change in change in raw material supplier. Please respond with signature copy to ensure timely assessment of this change.
SNC Entry 52,Thermo Fisher,Formulation,Material Code: QX6GV — Client is notified for change in change in label. Please respond with signature copy to ensure timely assessment of this change.
SNC Entry 53,SNC (Boehringer Ingelheim/108112) - SPIL,Small Molecule,Material Code: 8QOLD — Client is notified for change in change in raw material supplier. Please respond with signature copy to ensure timely assessment of this change.
SNC Entry 54,Patheon,Formulation,Material Code: LYK83 — Client is notified for change in extending warehouse usage. Please respond with signature copy to ensure timely assessment of this change.
SNC Entry 55,SNC (Boehringer Ingelheim/108112) - R&D,Packaging,Material Code: BDJE1 — Client is notified for change in extending warehouse usage. Please respond with signature copy to ensure timely assessment of this change.
SNC Entry 56,SNC (Boehringer Ingelheim/108112) - Biologics EQ,Small Molecule,Material Code: 3A5QB — Client is notified for change in extending warehouse usage. Please respond with signature copy to ensure timely assessment of this change.
SNC Entry 57,Pfizer,Packaging,Material Code: N1W1H — Client is notified for change in extending warehouse usage. Please respond with signature copy to ensure timely assessment of this change.
SNC Entry 58,SNC (Boehringer Ingelheim/108112) - Biologics EQ,Biologics,Material Code: EK5RB — Client is notified for change in change in QA leadership. Please respond with signature copy to ensure timely assessment of this change.
SNC Entry 59,GRAM,Small Molecule,Material Code: 2ZLAO — Client is notified for change in change in excipients. Please respond with signature copy to ensure timely assessment of this change.
SNC Entry 60,Thermo Fisher,Packaging,Material Code: 96QE3 — Client is notified for change in change in label. Please respond with signature copy to ensure timely assessment of this change.
SNC Entry 61,Hovione,Packaging,Material Code: 7KZOR — Client is notified for change in change in label. Please respond with signature copy to ensure timely assessment of this change.
SNC Entry 62,SNC (Boehringer Ingelheim/108112) - R&D,Small Molecule,Material Code: ITN7S — Client is notified for change in change in raw material supplier. Please respond with signature copy to ensure timely assessment of this change.
SNC Entry 63,GRAM,API,Material Code: 5J2O7 — Client is notified for change in extending warehouse usage. Please respond with signature copy to ensure timely assessment of this change.
SNC Entry 64,Patheon,Formulation,Material Code: JA04U — Client is notified for change in change in label. Please respond with signature copy to ensure timely assessment of this change.
SNC Entry 65,Thermo Fisher,Lab Testing,Material Code: 5QRL1 — Client is notified for change in change in packaging label. Please respond with signature copy to ensure timely assessment of this change.
SNC Entry 66,GRAM,Packaging,Material Code: QLGZU — Client is notified for change in change in excipients. Please respond with signature copy to ensure timely assessment of this change.
SNC Entry 67,Thermo Fisher,Formulation,Material Code: 4OLR6 — Client is notified for change in change in packaging label. Please respond with signature copy to ensure timely assessment of this change.
SNC Entry 68,Lonza,Lab Testing,Material Code: NX39R — Client is notified for change in batch manufacturing process. Please respond with signature copy to ensure timely assessment of this change.
SNC Entry 69,Patheon,Formulation,Material Code: E8LD4 — Client is notified for change in process description report. Please respond with signature copy to ensure timely assessment of this change.
SNC Entry 70,BMS,Biologics,Material Code: SQ0OX — Client is notified for change in change in raw material supplier. Please respond with signature copy to ensure timely assessment of this change.
SNC Entry 71,SNC (Boehringer Ingelheim/108112) - R&D,Lab Testing,Material Code: C2JWO — Client is notified for change in process description report. Please respond with signature copy to ensure timely assessment of this change.
SNC Entry 72,Pfizer,Formulation,Material Code: 444NL — Client is notified for change in change in label. Please respond with signature copy to ensure timely assessment of this change.
SNC Entry 73,Fisher Clinical,Packaging,Material Code: 5BCW7 — Client is notified for change in change in excipients. Please respond with signature copy to ensure timely assessment of this change.
SNC Entry 74,Pfizer,Lab Testing,Material Code: 0PDW5 — Client is notified for change in change in label. Please respond with signature copy to ensure timely assessment of this change.
SNC Entry 75,Pfizer,Biologics,Material Code: FKBLC — Client is notified for change in change in column name. Please respond with signature copy to ensure timely assessment of this change.
SNC Entry 76,GRAM,Small Molecule,Material Code: NFTU2 — Client is notified for change in change in raw material supplier. Please respond with signature copy to ensure timely assessment of this change.
SNC Entry 77,SNC (Boehringer Ingelheim/108112) - R&D,Packaging,Material Code: GVNYR — Client is notified for change in change in QA leadership. Please respond with signature copy to ensure timely assessment of this change.
SNC Entry 78,Patheon,Biologics,Material Code: FQJJA — Client is notified for change in change in label. Please respond with signature copy to ensure timely assessment of this change.
SNC Entry 79,SNC (Boehringer Ingelheim/108112) - R&D,Biologics,Material Code: 6YFPM — Client is notified for change in change in QA leadership. Please respond with signature copy to ensure timely assessment of this change.
SNC Entry 80,SNC (Boehringer Ingelheim/108112) - R&D,Lab Testing,Material Code: K8YQK — Client is notified for change in change in packaging label. Please respond with signature copy to ensure timely assessment of this change.
SNC Entry 81,Thermo Fisher,Formulation,Material Code: 4DNMK — Client is notified for change in change in software system. Please respond with signature copy to ensure timely assessment of this change.
SNC Entry 82,SNC (Boehringer Ingelheim/108112) - Biologics EQ,Small Molecule,Material Code: A3OA5 — Client is notified for change in batch manufacturing process. Please respond with signature copy to ensure timely assessment of this change.
SNC Entry 83,SNC (Boehringer Ingelheim/108112) - R&D,Packaging,Material Code: 60361 — Client is notified for change in change in excipients. Please respond with signature copy to ensure timely assessment of this change.
SNC Entry 84,Fisher Clinical,Packaging,Material Code: VMWWY — Client is notified for change in change in raw material supplier. Please respond with signature copy to ensure timely assessment of this change.
SNC Entry 85,SNC (Boehringer Ingelheim/108112) - SPIL,Formulation,Material Code: W6XLP — Client is notified for change in change in QA leadership. Please respond with signature copy to ensure timely assessment of this change.
SNC Entry 86,GRAM,Small Molecule,Material Code: NE6LO — Client is notified for change in change in excipients. Please respond with signature copy to ensure timely assessment of this change.
SNC Entry 87,Fisher Clinical,Lab Testing,Material Code: ET8T6 — Client is notified for change in change in raw material supplier. Please respond with signature copy to ensure timely assessment of this change.
SNC Entry 88,BMS,Packaging,Material Code: J3R30 — Client is notified for change in change in column name. Please respond with signature copy to ensure timely assessment of this change.
SNC Entry 89,Lonza,Small Molecule,Material Code: 2QC1I — Client is notified for change in change in packaging label. Please respond with signature copy to ensure timely assessment of this change.
SNC Entry 90,Patheon,Lab Testing,Material Code: 82N2A — Client is notified for change in extending warehouse usage. Please respond with signature copy to ensure timely assessment of this change.
SNC Entry 91,SNC (Boehringer Ingelheim/108112) - R&D,Lab Testing,Material Code: EN0JN — Client is notified for change in change in column name. Please respond with signature copy to ensure timely assessment of this change.
SNC Entry 92,SNC (Boehringer Ingelheim/108112) - SPIL,Packaging,Material Code: DIA5U — Client is notified for change in change in QA leadership. Please respond with signature copy to ensure timely assessment of this change.
SNC Entry 93,GRAM,Formulation,Material Code: HC36K — Client is notified for change in change in packaging label. Please respond with signature copy to ensure timely assessment of this change.
SNC Entry 94,SNC (Boehringer Ingelheim/108112) - R&D,API,Material Code: EBB9E — Client is notified for change in change in excipients. Please respond with signature copy to ensure timely assessment of this change.
SNC Entry 95,Pfizer,Packaging,Material Code: 5EQY0 — Client is notified for change in extending warehouse usage. Please respond with signature copy to ensure timely assessment of this change.
SNC Entry 96,Hovione,Biologics,Material Code: P0FOD — Client is notified for change in change in label. Please respond with signature copy to ensure timely assessment of this change.
SNC Entry 97,GRAM,Biologics,Material Code: W7KYH — Client is notified for change in change in label. Please respond with signature copy to ensure timely assessment of this change.
SNC Entry 98,Hovione,Lab Testing,Material Code: 84DYT — Client is notified for change in change in column name. Please respond with signature copy to ensure timely assessment of this change.
SNC Entry 99,Pfizer,API,Material Code: CJ883 — Client is notified for change in process description report. Please respond with signature copy to ensure timely assessment of this change.
SNC Entry 100,Lonza,Packaging,Material Code: XXVA2 — Client is notified for change in change in excipients. Please respond with signature copy to ensure timely assessment of this change.
SNC Entry 101,Patheon,Biologics,Material Code: 92H3T — Client is notified for change in change in QA leadership. Please respond with signature copy to ensure timely assessment of this change.
SNC Entry 102,Thermo Fisher,Biologics,Material Code: H5LF6 — Client is notified for change in batch manufacturing process. Please respond with signature copy to ensure timely assessment of this change.
SNC Entry 103,GRAM,Packaging,Material Code: J99T2 — Client is notified for change in process description report. Please respond with signature copy to ensure timely assessment of this change.
SNC Entry 104,SNC (Boehringer Ingelheim/108112) - Biologics EQ,Small Molecule,Material Code: XAA2I — Client is notified for change in change in column name. Please respond with signature copy to ensure timely assessment of this change.
SNC Entry 105,Pfizer,Lab Testing,Material Code: AJEPE — Client is notified for change in process description report. Please respond with signature copy to ensure timely assessment of this change.
SNC Entry 106,GRAM,Packaging,Material Code: R2SDS — Client is notified for change in change in QA leadership. Please respond with signature copy to ensure timely assessment of this change.
SNC Entry 107,SNC (Boehringer Ingelheim/108112) - R&D,Small Molecule,Material Code: B25SQ — Client is notified for change in batch manufacturing process. Please respond with signature copy to ensure timely assessment of this change.
SNC Entry 108,BMS,Lab Testing,Material Code: CROYR — Client is notified for change in change in label. Please respond with signature copy to ensure timely assessment of this change.
SNC Entry 109,Lonza,API,Material Code: CCVCJ — Client is notified for change in change in QA leadership. Please respond with signature copy to ensure timely assessment of this change.
SNC Entry 110,SNC (Boehringer Ingelheim/108112) - R&D,Formulation,Material Code: TL9TQ — Client is notified for change in change in QA leadership. Please respond with signature copy to ensure timely assessment of this change.
SNC Entry 111,BMS,Lab Testing,Material Code: P2EX5 — Client is notified for change in extending warehouse usage. Please respond with signature copy to ensure timely assessment of this change.
SNC Entry 112,Fisher Clinical,API,Material Code: ZHQIM — Client is notified for change in change in label. Please respond with signature copy to ensure timely assessment of this change.
SNC Entry 113,Patheon,Formulation,Material Code: O0LLJ — Client is notified for change in change in raw material supplier. Please respond with signature copy to ensure timely assessment of this change.
SNC Entry 114,Fisher Clinical,Biologics,Material Code: YRDDP — Client is notified for change in change in column name. Please respond with signature copy to ensure timely assessment of this change.
SNC Entry 115,GRAM,Biologics,Material Code: 3UVUL — Client is notified for change in process description report. Please respond with signature copy to ensure timely assessment of this change.
SNC Entry 116,SNC (Boehringer Ingelheim/108112) - SPIL,Biologics,Material Code: O57P6 — Client is notified for change in batch manufacturing process. Please respond with signature copy to ensure timely assessment of this change.
SNC Entry 117,SNC (Boehringer Ingelheim/108112) - SPIL,Lab Testing,Material Code: 8VMUH — Client is notified for change in change in label. Please respond with signature copy to ensure timely assessment of this change.
SNC Entry 118,Patheon,Small Molecule,Material Code: ID4N1 — Client is notified for change in change in QA leadership. Please respond with signature copy to ensure timely assessment of this change.
SNC Entry 119,SNC (Boehringer Ingelheim/108112) - Biologics EQ,Formulation,Material Code: IPU1W — Client is notified for change in extending warehouse usage. Please respond with signature copy to ensure timely assessment of this change.
SNC Entry 120,Lonza,Biologics,Material Code: A73JG — Client is notified for change in change in software system. Please respond with signature copy to ensure timely assessment of this change.
SNC Entry 121,SNC (Boehringer Ingelheim/108112) - Biologics EQ,Packaging,Material Code: 7MGFX — Client is notified for change in process description report. Please respond with signature copy to ensure timely assessment of this change.
SNC Entry 122,Lonza,Formulation,Material Code: FWB0H — Client is notified for change in change in packaging label. Please respond with signature copy to ensure timely assessment of this change.
SNC Entry 123,Pfizer,Formulation,Material Code: QFLL7 — Client is notified for change in change in QA leadership. Please respond with signature copy to ensure timely assessment of this change.
SNC Entry 124,GRAM,Small Molecule,Material Code: DBFWY — Client is notified for change in change in software system. Please respond with signature copy to ensure timely assessment of this change.
SNC Entry 125,Fisher Clinical,API,Material Code: PPVOH — Client is notified for change in extending warehouse usage. Please respond with signature copy to ensure timely assessment of this change.
SNC Entry 126,SNC (Boehringer Ingelheim/108112) - SPIL,Small Molecule,Material Code: EPKYR — Client is notified for change in change in software system. Please respond with signature copy to ensure timely assessment of this change.
SNC Entry 127,BMS,Biologics,Material Code: BOVAK — Client is notified for change in change in excipients. Please respond with signature copy to ensure timely assessment of this change.
SNC Entry 128,Thermo Fisher,Packaging,Material Code: 11KER — Client is notified for change in change in packaging label. Please respond with signature copy to ensure timely assessment of this change.
SNC Entry 129,Hovione,Packaging,Material Code: GNZS4 — Client is notified for change in change in column name. Please respond with signature copy to ensure timely assessment of this change.
SNC Entry 130,Thermo Fisher,Biologics,Material Code: C5BA7 — Client is notified for change in change in column name. Please respond with signature copy to ensure timely assessment of this change.
SNC Entry 131,Fisher Clinical,Packaging,Material Code: UUZPE — Client is notified for change in batch manufacturing process. Please respond with signature copy to ensure timely assessment of this change.
SNC Entry 132,SNC (Boehringer Ingelheim/108112) - R&D,Small Molecule,Material Code: 8G8QY — Client is notified for change in change in column name. Please respond with signature copy to ensure timely assessment of this change.
SNC Entry 133,Fisher Clinical,Lab Testing,Material Code: D4IVS — Client is notified for change in change in packaging label. Please respond with signature copy to ensure timely assessment of this change.
SNC Entry 134,SNC (Boehringer Ingelheim/108112) - R&D,Small Molecule,Material Code: 50H2C — Client is notified for change in process description report. Please respond with signature copy to ensure timely assessment of this change.
SNC Entry 135,Lonza,Lab Testing,Material Code: TG1M8 — Client is notified for change in change in raw material supplier. Please respond with signature copy to ensure timely assessment of this change.
SNC Entry 136,SNC (Boehringer Ingelheim/108112) - Biologics EQ,Biologics,Material Code: IFHV1 — Client is notified for change in process description report. Please respond with signature copy to ensure timely assessment of this change.
SNC Entry 137,Thermo Fisher,Packaging,Material Code: G1R11 — Client is notified for change in change in label. Please respond with signature copy to ensure timely assessment of this change.
SNC Entry 138,Lonza,Formulation,Material Code: Y5X9L — Client is notified for change in change in column name. Please respond with signature copy to ensure timely assessment of this change.
SNC Entry 139,Lonza,API,Material Code: FCPKJ — Client is notified for change in batch manufacturing process. Please respond with signature copy to ensure timely assessment of this change.
SNC Entry 140,SNC (Boehringer Ingelheim/108112) - Biologics EQ,Formulation,Material Code: MCQBN — Client is notified for change in change in software system. Please respond with signature copy to ensure timely assessment of this change.
SNC Entry 141,BMS,Lab Testing,Material Code: C54WS — Client is notified for change in change in label. Please respond with signature copy to ensure timely assessment of this change.
SNC Entry 142,SNC (Boehringer Ingelheim/108112) - SPIL,Small Molecule,Material Code: U80B6 — Client is notified for change in change in QA leadership. Please respond with signature copy to ensure timely assessment of this change.
SNC Entry 143,Patheon,Small Molecule,Material Code: XLRFC — Client is notified for change in process description report. Please respond with signature copy to ensure timely assessment of this change.
SNC Entry 144,SNC (Boehringer Ingelheim/108112) - SPIL,Small Molecule,Material Code: 349DX — Client is notified for change in batch manufacturing process. Please respond with signature copy to ensure timely assessment of this change.
SNC Entry 145,Hovione,Small Molecule,Material Code: IPPSF — Client is notified for change in change in column name. Please respond with signature copy to ensure timely assessment of this change.
SNC Entry 146,SNC (Boehringer Ingelheim/108112) - R&D,API,Material Code: 7N1YB — Client is notified for change in change in column name. Please respond with signature copy to ensure timely assessment of this change.
SNC Entry 147,Thermo Fisher,Biologics,Material Code: CDYK0 — Client is notified for change in change in QA leadership. Please respond with signature copy to ensure timely assessment of this change.
SNC Entry 148,SNC (Boehringer Ingelheim/108112) - R&D,Small Molecule,Material Code: 5MUFM — Client is notified for change in change in packaging label. Please respond with signature copy to ensure timely assessment of this change.
SNC Entry 149,SNC (Boehringer Ingelheim/108112) - SPIL,Lab Testing,Material Code: EZDUX — Client is notified for change in change in column name. Please respond with signature copy to ensure timely assessment of this change.
SNC Entry 150,Patheon,Packaging,Material Code: 3Y30Y — Client is notified for change in extending warehouse usage. Please respond with signature copy to ensure timely assessment of this change.
SNC Entry 151,SNC (Boehringer Ingelheim/108112) - R&D,API,Material Code: DYSAL — Client is notified for change in change in excipients. Please respond with signature copy to ensure timely assessment of this change.
SNC Entry 152,Pfizer,Lab Testing,Material Code: M1G9F — Client is notified for change in change in software system. Please respond with signature copy to ensure timely assessment of this change.
SNC Entry 153,Thermo Fisher,Lab Testing,Material Code: 4D145 — Client is notified for change in batch manufacturing process. Please respond with signature copy to ensure timely assessment of this change.
SNC Entry 154,Patheon,Small Molecule,Material Code: X5WVF — Client is notified for change in change in raw material supplier. Please respond with signature copy to ensure timely assessment of this change.
SNC Entry 155,Lonza,Packaging,Material Code: 313FP — Client is notified for change in change in packaging label. Please respond with signature copy to ensure timely assessment of this change.
SNC Entry 156,Fisher Clinical,Small Molecule,Material Code: NZ8V1 — Client is notified for change in change in label. Please respond with signature copy to ensure timely assessment of this change.
SNC Entry 157,BMS,Lab Testing,Material Code: II826 — Client is notified for change in change in excipients. Please respond with signature copy to ensure timely assessment of this change.
SNC Entry 158,Hovione,Biologics,Material Code: N89QK — Client is notified for change in change in packaging label. Please respond with signature copy to ensure timely assessment of this change.
SNC Entry 159,Patheon,API,Material Code: SPFHV — Client is notified for change in change in software system. Please respond with signature copy to ensure timely assessment of this change.
SNC Entry 160,SNC (Boehringer Ingelheim/108112) - SPIL,Biologics,Material Code: BRN7Z — Client is notified for change in extending warehouse usage. Please respond with signature copy to ensure timely assessment of this change.
SNC Entry 161,Fisher Clinical,API,Material Code: 4K1J6 — Client is notified for change in change in raw material supplier. Please respond with signature copy to ensure timely assessment of this change.
SNC Entry 162,SNC (Boehringer Ingelheim/108112) - SPIL,Small Molecule,Material Code: 3D635 — Client is notified for change in batch manufacturing process. Please respond with signature copy to ensure timely assessment of this change.
SNC Entry 163,Thermo Fisher,Small Molecule,Material Code: OONNC — Client is notified for change in change in excipients. Please respond with signature copy to ensure timely assessment of this change.
SNC Entry 164,SNC (Boehringer Ingelheim/108112) - R&D,API,Material Code: B74X2 — Client is notified for change in change in raw material supplier. Please respond with signature copy to ensure timely assessment of this change.
SNC Entry 165,Patheon,Packaging,Material Code: B7R31 — Client is notified for change in change in label. Please respond with signature copy to ensure timely assessment of this change.
SNC Entry 166,SNC (Boehringer Ingelheim/108112) - R&D,Packaging,Material Code: QACJ4 — Client is notified for change in extending warehouse usage. Please respond with signature copy to ensure timely assessment of this change.
SNC Entry 167,SNC (Boehringer Ingelheim/108112) - SPIL,Small Molecule,Material Code: 7VP1I — Client is notified for change in process description report. Please respond with signature copy to ensure timely assessment of this change.
SNC Entry 168,SNC (Boehringer Ingelheim/108112) - Biologics EQ,Small Molecule,Material Code: BP2QD — Client is notified for change in change in label. Please respond with signature copy to ensure timely assessment of this change.
SNC Entry 169,GRAM,Biologics,Material Code: VASIF — Client is notified for change in change in packaging label. Please respond with signature copy to ensure timely assessment of this change.
SNC Entry 170,Fisher Clinical,Lab Testing,Material Code: AMUGY — Client is notified for change in extending warehouse usage. Please respond with signature copy to ensure timely assessment of this change.
SNC Entry 171,Pfizer,Small Molecule,Material Code: 9CSS9 — Client is notified for change in extending warehouse usage. Please respond with signature copy to ensure timely assessment of this change.
SNC Entry 172,Fisher Clinical,API,Material Code: A5BNN — Client is notified for change in batch manufacturing process. Please respond with signature copy to ensure timely assessment of this change.
SNC Entry 173,SNC (Boehringer Ingelheim/108112) - SPIL,Packaging,Material Code: MCIXD — Client is notified for change in change in QA leadership. Please respond with signature copy to ensure timely assessment of this change.
SNC Entry 174,SNC (Boehringer Ingelheim/108112) - SPIL,Packaging,Material Code: 0LBT3 — Client is notified for change in change in raw material supplier. Please respond with signature copy to ensure timely assessment of this change.
SNC Entry 175,Hovione,Biologics,Material Code: 3Y9RG — Client is notified for change in change in raw material supplier. Please respond with signature copy to ensure timely assessment of this change.
SNC Entry 176,SNC (Boehringer Ingelheim/108112) - Biologics EQ,Packaging,Material Code: C1QKB — Client is notified for change in change in excipients. Please respond with signature copy to ensure timely assessment of this change.
SNC Entry 177,Pfizer,Packaging,Material Code: 5LLO3 — Client is notified for change in change in label. Please respond with signature copy to ensure timely assessment of this change.
SNC Entry 178,BMS,Lab Testing,Material Code: J1GM2 — Client is notified for change in change in column name. Please respond with signature copy to ensure timely assessment of this change.
SNC Entry 179,Hovione,Formulation,Material Code: J2POP — Client is notified for change in change in packaging label. Please respond with signature copy to ensure timely assessment of this change.
SNC Entry 180,Thermo Fisher,API,Material Code: MGYN2 — Client is notified for change in change in software system. Please respond with signature copy to ensure timely assessment of this change.
SNC Entry 181,Pfizer,Lab Testing,Material Code: 20CV3 — Client is notified for change in extending warehouse usage. Please respond with signature copy to ensure timely assessment of this change.
SNC Entry 182,Patheon,Formulation,Material Code: KDLKQ — Client is notified for change in change in packaging label. Please respond with signature copy to ensure timely assessment of this change.
SNC Entry 183,GRAM,Packaging,Material Code: FPQ06 — Client is notified for change in change in QA leadership. Please respond with signature copy to ensure timely assessment of this change.
SNC Entry 184,Hovione,Biologics,Material Code: 9J98C — Client is notified for change in change in packaging label. Please respond with signature copy to ensure timely assessment of this change.
SNC Entry 185,GRAM,Biologics,Material Code: N2Y8F — Client is notified for change in change in QA leadership. Please respond with signature copy to ensure timely assessment of this change.
SNC Entry 186,SNC (Boehringer Ingelheim/108112) - Biologics EQ,Packaging,Material Code: YPEIX — Client is notified for change in change in column name. Please respond with signature copy to ensure timely assessment of this change.
SNC Entry 187,Thermo Fisher,Small Molecule,Material Code: NUVY8 — Client is notified for change in change in column name. Please respond with signature copy to ensure timely assessment of this change.
SNC Entry 188,Thermo Fisher,Formulation,Material Code: PCENL — Client is notified for change in change in software system. Please respond with signature copy to ensure timely assessment of this change.
SNC Entry 189,BMS,Packaging,Material Code: IE0RN — Client is notified for change in extending warehouse usage. Please respond with signature copy to ensure timely assessment of this change.
SNC Entry 190,Thermo Fisher,Biologics,Material Code: E1ZHW — Client is notified for change in change in label. Please respond with signature copy to ensure timely assessment of this change.
SNC Entry 191,SNC (Boehringer Ingelheim/108112) - SPIL,Biologics,Material Code: HECGZ — Client is notified for change in process description report. Please respond with signature copy to ensure timely assessment of this change.
SNC Entry 192,Fisher Clinical,Formulation,Material Code: 389YZ — Client is notified for change in extending warehouse usage. Please respond with signature copy to ensure timely assessment of this change.
SNC Entry 193,Fisher Clinical,API,Material Code: T64Z7 — Client is notified for change in change in raw material supplier. Please respond with signature copy to ensure timely assessment of this change.
SNC Entry 194,SNC (Boehringer Ingelheim/108112) - R&D,Packaging,Material Code: 2SEHE — Client is notified for change in change in label. Please respond with signature copy to ensure timely assessment of this change.
SNC Entry 195,BMS,Lab Testing,Material Code: ATN2T — Client is notified for change in change in QA leadership. Please respond with signature copy to ensure timely assessment of this change.
SNC Entry 196,SNC (Boehringer Ingelheim/108112) - SPIL,Packaging,Material Code: 5COZR — Client is notified for change in change in packaging label. Please respond with signature copy to ensure timely assessment of this change.
SNC Entry 197,Fisher Clinical,API,Material Code: 13C9X — Client is notified for change in change in label. Please respond with signature copy to ensure timely assessment of this change.
SNC Entry 198,Patheon,Formulation,Material Code: QSE3T — Client is notified for change in change in QA leadership. Please respond with signature copy to ensure timely assessment of this change.
SNC Entry 199,SNC (Boehringer Ingelheim/108112) - SPIL,Formulation,Material Code: G8P6B — Client is notified for change in process description report. Please respond with signature copy to ensure timely assessment of this change.
SNC Entry 200,SNC (Boehringer Ingelheim/108112) - Biologics EQ,Biologics,Material Code: SKF7I — Client is notified for change in extending warehouse usage. Please respond with signature copy to ensure timely assessment of this change.
SNC Entry 201,Lonza,API,Material Code: 64JWT — Client is notified for change in change in raw material supplier. Please respond with signature copy to ensure timely assessment of this change.
SNC Entry 202,GRAM,Formulation,Material Code: WWDXV — Client is notified for change in change in QA leadership. Please respond with signature copy to ensure timely assessment of this change.
SNC Entry 203,SNC (Boehringer Ingelheim/108112) - SPIL,Small Molecule,Material Code: FXZV4 — Client is notified for change in change in QA leadership. Please respond with signature copy to ensure timely assessment of this change.
SNC Entry 204,GRAM,Packaging,Material Code: B5C81 — Client is notified for change in change in software system. Please respond with signature copy to ensure timely assessment of this change.
SNC Entry 205,Patheon,Biologics,Material Code: X1OXR — Client is notified for change in extending warehouse usage. Please respond with signature copy to ensure timely assessment of this change.
SNC Entry 206,Lonza,Lab Testing,Material Code: K8R2Y — Client is notified for change in change in software system. Please respond with signature copy to ensure timely assessment of this change.
SNC Entry 207,SNC (Boehringer Ingelheim/108112) - R&D,API,Material Code: QYFOQ — Client is notified for change in change in column name. Please respond with signature copy to ensure timely assessment of this change.
SNC Entry 208,SNC (Boehringer Ingelheim/108112) - R&D,Biologics,Material Code: VLZ04 — Client is notified for change in change in packaging label. Please respond with signature copy to ensure timely assessment of this change.
SNC Entry 209,Pfizer,Formulation,Material Code: ENULQ — Client is notified for change in change in software system. Please respond with signature copy to ensure timely assessment of this change.
SNC Entry 210,BMS,Formulation,Material Code: QFB85 — Client is notified for change in change in packaging label. Please respond with signature copy to ensure timely assessment of this change.
SNC Entry 211,SNC (Boehringer Ingelheim/108112) - SPIL,Lab Testing,Material Code: I5FLU — Client is notified for change in change in column name. Please respond with signature copy to ensure timely assessment of this change.
SNC Entry 212,BMS,Lab Testing,Material Code: GF9Q5 — Client is notified for change in change in label. Please respond with signature copy to ensure timely assessment of this change.
SNC Entry 213,Thermo Fisher,Lab Testing,Material Code: A8S8H — Client is notified for change in change in column name. Please respond with signature copy to ensure timely assessment of this change.
SNC Entry 214,GRAM,Lab Testing,Material Code: BKV4Y — Client is notified for change in change in software system. Please respond with signature copy to ensure timely assessment of this change.
SNC Entry 215,GRAM,Lab Testing,Material Code: T4P50 — Client is notified for change in change in packaging label. Please respond with signature copy to ensure timely assessment of this change.
SNC Entry 216,Thermo Fisher,Small Molecule,Material Code: NOUHT — Client is notified for change in process description report. Please respond with signature copy to ensure timely assessment of this change.
SNC Entry 217,Pfizer,Packaging,Material Code: NQT3W — Client is notified for change in change in QA leadership. Please respond with signature copy to ensure timely assessment of this change.
SNC Entry 218,Hovione,API,Material Code: E9O2M — Client is notified for change in change in column name. Please respond with signature copy to ensure timely assessment of this change.
SNC Entry 219,SNC (Boehringer Ingelheim/108112) - Biologics EQ,Biologics,Material Code: 1HSSB — Client is notified for change in change in raw material supplier. Please respond with signature copy to ensure timely assessment of this change.
SNC Entry 220,SNC (Boehringer Ingelheim/108112) - SPIL,Lab Testing,Material Code: Z2SF6 — Client is notified for change in change in raw material supplier. Please respond with signature copy to ensure timely assessment of this change.
SNC Entry 221,GRAM,Packaging,Material Code: LWF90 — Client is notified for change in change in software system. Please respond with signature copy to ensure timely assessment of this change.
SNC Entry 222,SNC (Boehringer Ingelheim/108112) - Biologics EQ,Formulation,Material Code: VSSRU — Client is notified for change in change in label. Please respond with signature copy to ensure timely assessment of this change.
SNC Entry 223,GRAM,Packaging,Material Code: 3NY9V — Client is notified for change in batch manufacturing process. Please respond with signature copy to ensure timely assessment of this change.
SNC Entry 224,Hovione,Lab Testing,Material Code: VJX8U — Client is notified for change in change in excipients. Please respond with signature copy to ensure timely assessment of this change.
SNC Entry 225,Thermo Fisher,Biologics,Material Code: ZVGWW — Client is notified for change in change in packaging label. Please respond with signature copy to ensure timely assessment of this change.
SNC Entry 226,SNC (Boehringer Ingelheim/108112) - R&D,Lab Testing,Material Code: FYB8D — Client is notified for change in batch manufacturing process. Please respond with signature copy to ensure timely assessment of this change.
SNC Entry 227,Hovione,Packaging,Material Code: PPOHS — Client is notified for change in change in QA leadership. Please respond with signature copy to ensure timely assessment of this change.
SNC Entry 228,GRAM,Formulation,Material Code: 750CE — Client is notified for change in change in excipients. Please respond with signature copy to ensure timely assessment of this change.
SNC Entry 229,Thermo Fisher,Packaging,Material Code: U9RN8 — Client is notified for change in change in label. Please respond with signature copy to ensure timely assessment of this change.
SNC Entry 230,Hovione,Lab Testing,Material Code: 6MM1Z — Client is notified for change in change in software system. Please respond with signature copy to ensure timely assessment of this change.
SNC Entry 231,Pfizer,API,Material Code: VGIUI — Client is notified for change in change in software system. Please respond with signature copy to ensure timely assessment of this change.
SNC Entry 232,Thermo Fisher,Packaging,Material Code: 1ZYRR — Client is notified for change in extending warehouse usage. Please respond with signature copy to ensure timely assessment of this change.
SNC Entry 233,SNC (Boehringer Ingelheim/108112) - SPIL,API,Material Code: 72JEY — Client is notified for change in change in packaging label. Please respond with signature copy to ensure timely assessment of this change.
SNC Entry 234,GRAM,Lab Testing,Material Code: 6OM1F — Client is notified for change in batch manufacturing process. Please respond with signature copy to ensure timely assessment of this change.
SNC Entry 235,Patheon,Packaging,Material Code: KZMPJ — Client is notified for change in change in label. Please respond with signature copy to ensure timely assessment of this change.
SNC Entry 236,SNC (Boehringer Ingelheim/108112) - R&D,Formulation,Material Code: H3JUJ — Client is notified for change in process description report. Please respond with signature copy to ensure timely assessment of this change.
SNC Entry 237,BMS,Small Molecule,Material Code: WVIYT — Client is notified for change in change in excipients. Please respond with signature copy to ensure timely assessment of this change.
SNC Entry 238,GRAM,Small Molecule,Material Code: BOZD1 — Client is notified for change in batch manufacturing process. Please respond with signature copy to ensure timely assessment of this change.
SNC Entry 239,SNC (Boehringer Ingelheim/108112) - SPIL,API,Material Code: 89FX5 — Client is notified for change in change in label. Please respond with signature copy to ensure timely assessment of this change.
SNC Entry 240,Fisher Clinical,Lab Testing,Material Code: RH8LX — Client is notified for change in process description report. Please respond with signature copy to ensure timely assessment of this change.
SNC Entry 241,SNC (Boehringer Ingelheim/108112) - Biologics EQ,API,Material Code: XI04B — Client is notified for change in change in raw material supplier. Please respond with signature copy to ensure timely assessment of this change.
SNC Entry 242,SNC (Boehringer Ingelheim/108112) - Biologics EQ,Lab Testing,Material Code: P47B4 — Client is notified for change in change in label. Please respond with signature copy to ensure timely assessment of this change.
SNC Entry 243,BMS,Lab Testing,Material Code: G05KB — Client is notified for change in change in software system. Please respond with signature copy to ensure timely assessment of this change.
SNC Entry 244,GRAM,Small Molecule,Material Code: UD9K9 — Client is notified for change in extending warehouse usage. Please respond with signature copy to ensure timely assessment of this change.
SNC Entry 245,BMS,Formulation,Material Code: S6ESJ — Client is notified for change in process description report. Please respond with signature copy to ensure timely assessment of this change.
SNC Entry 246,Lonza,Formulation,Material Code: L0XZA — Client is notified for change in change in column name. Please respond with signature copy to ensure timely assessment of this change.
SNC Entry 247,GRAM,Packaging,Material Code: 2U1G4 — Client is notified for change in change in packaging label. Please respond with signature copy to ensure timely assessment of this change.
SNC Entry 248,Thermo Fisher,API,Material Code: 3SDYG — Client is notified for change in change in raw material supplier. Please respond with signature copy to ensure timely assessment of this change.
SNC Entry 249,Thermo Fisher,Formulation,Material Code: R7ANQ — Client is notified for change in change in software system. Please respond with signature copy to ensure timely assessment of this change.
SNC Entry 250,SNC (Boehringer Ingelheim/108112) - R&D,Biologics,Material Code: 8K0AX — Client is notified for change in change in excipients. Please respond with signature copy to ensure timely assessment of this change.
SNC Entry 251,Lonza,Packaging,Material Code: CELOS — Client is notified for change in change in software system. Please respond with signature copy to ensure timely assessment of this change.
SNC Entry 252,Pfizer,Packaging,Material Code: YW7NH — Client is notified for change in change in raw material supplier. Please respond with signature copy to ensure timely assessment of this change.
SNC Entry 253,Lonza,Small Molecule,Material Code: RQ9NZ — Client is notified for change in change in label. Please respond with signature copy to ensure timely assessment of this change.
SNC Entry 254,Lonza,API,Material Code: 1231Y — Client is notified for change in change in QA leadership. Please respond with signature copy to ensure timely assessment of this change.
SNC Entry 255,BMS,Formulation,Material Code: 5CQZC — Client is notified for change in change in QA leadership. Please respond with signature copy to ensure timely assessment of this change.
SNC Entry 256,Hovione,Formulation,Material Code: E36HT — Client is notified for change in change in raw material supplier. Please respond with signature copy to ensure timely assessment of this change.
SNC Entry 257,SNC (Boehringer Ingelheim/108112) - R&D,Lab Testing,Material Code: LSEHU — Client is notified for change in process description report. Please respond with signature copy to ensure timely assessment of this change.
SNC Entry 258,SNC (Boehringer Ingelheim/108112) - R&D,Packaging,Material Code: 6QCEO — Client is notified for change in change in QA leadership. Please respond with signature copy to ensure timely assessment of this change.
SNC Entry 259,SNC (Boehringer Ingelheim/108112) - R&D,API,Material Code: CQ30O — Client is notified for change in batch manufacturing process. Please respond with signature copy to ensure timely assessment of this change.
SNC Entry 260,Thermo Fisher,API,Material Code: 0UBMC — Client is notified for change in batch manufacturing process. Please respond with signature copy to ensure timely assessment of this change.
SNC Entry 261,Hovione,API,Material Code: 7C7BO — Client is notified for change in change in raw material supplier. Please respond with signature copy to ensure timely assessment of this change.
SNC Entry 262,Lonza,Lab Testing,Material Code: 19XP9 — Client is notified for change in change in packaging label. Please respond with signature copy to ensure timely assessment of this change.
SNC Entry 263,Pfizer,Small Molecule,Material Code: Q7NC8 — Client is notified for change in extending warehouse usage. Please respond with signature copy to ensure timely assessment of this change.
SNC Entry 264,Thermo Fisher,Formulation,Material Code: E4E9O — Client is notified for change in change in raw material supplier. Please respond with signature copy to ensure timely assessment of this change.
SNC Entry 265,GRAM,API,Material Code: 0IAAK — Client is notified for change in extending warehouse usage. Please respond with signature copy to ensure timely assessment of this change.
SNC Entry 266,GRAM,Lab Testing,Material Code: PNIQF — Client is notified for change in change in excipients. Please respond with signature copy to ensure timely assessment of this change.
SNC Entry 267,GRAM,Small Molecule,Material Code: 70E3P — Client is notified for change in batch manufacturing process. Please respond with signature copy to ensure timely assessment of this change.
SNC Entry 268,SNC (Boehringer Ingelheim/108112) - SPIL,Lab Testing,Material Code: ICVQY — Client is notified for change in batch manufacturing process. Please respond with signature copy to ensure timely assessment of this change.
SNC Entry 269,BMS,Biologics,Material Code: IBPT1 — Client is notified for change in batch manufacturing process. Please respond with signature copy to ensure timely assessment of this change.
SNC Entry 270,Fisher Clinical,Packaging,Material Code: F9I6U — Client is notified for change in change in QA leadership. Please respond with signature copy to ensure timely assessment of this change.
SNC Entry 271,Lonza,Formulation,Material Code: VYLKF — Client is notified for change in extending warehouse usage. Please respond with signature copy to ensure timely assessment of this change.
SNC Entry 272,Fisher Clinical,Lab Testing,Material Code: HKC85 — Client is notified for change in change in raw material supplier. Please respond with signature copy to ensure timely assessment of this change.
SNC Entry 273,Patheon,Lab Testing,Material Code: WPR97 — Client is notified for change in change in packaging label. Please respond with signature copy to ensure timely assessment of this change.
SNC Entry 274,BMS,Formulation,Material Code: 2LOFN — Client is notified for change in extending warehouse usage. Please respond with signature copy to ensure timely assessment of this change.
SNC Entry 275,GRAM,Packaging,Material Code: R4KZ3 — Client is notified for change in batch manufacturing process. Please respond with signature copy to ensure timely assessment of this change.
SNC Entry 276,Thermo Fisher,Biologics,Material Code: U8UEI — Client is notified for change in change in excipients. Please respond with signature copy to ensure timely assessment of this change.
SNC Entry 277,BMS,Small Molecule,Material Code: LCQNT — Client is notified for change in change in excipients. Please respond with signature copy to ensure timely assessment of this change.
SNC Entry 278,SNC (Boehringer Ingelheim/108112) - SPIL,Lab Testing,Material Code: BNVBC — Client is notified for change in change in QA leadership. Please respond with signature copy to ensure timely assessment of this change.
SNC Entry 279,Thermo Fisher,Packaging,Material Code: 0UR5L — Client is notified for change in batch manufacturing process. Please respond with signature copy to ensure timely assessment of this change.
SNC Entry 280,Hovione,Small Molecule,Material Code: HG001 — Client is notified for change in change in excipients. Please respond with signature copy to ensure timely assessment of this change.
SNC Entry 281,SNC (Boehringer Ingelheim/108112) - R&D,Small Molecule,Material Code: ZZOIL — Client is notified for change in change in software system. Please respond with signature copy to ensure timely assessment of this change.
SNC Entry 282,SNC (Boehringer Ingelheim/108112) - SPIL,Small Molecule,Material Code: NTMJS — Client is notified for change in change in label. Please respond with signature copy to ensure timely assessment of this change.
SNC Entry 283,Hovione,Biologics,Material Code: Q201L — Client is notified for change in change in excipients. Please respond with signature copy to ensure timely assessment of this change.
SNC Entry 284,Thermo Fisher,Biologics,Material Code: NOUHF — Client is notified for change in change in software system. Please respond with signature copy to ensure timely assessment of this change.
SNC Entry 285,GRAM,Small Molecule,Material Code: TVZKH — Client is notified for change in change in excipients. Please respond with signature copy to ensure timely assessment of this change.
SNC Entry 286,Fisher Clinical,API,Material Code: N4RXY — Client is notified for change in change in software system. Please respond with signature copy to ensure timely assessment of this change.
SNC Entry 287,Lonza,Formulation,Material Code: 1R00Q — Client is notified for change in change in column name. Please respond with signature copy to ensure timely assessment of this change.
SNC Entry 288,BMS,Biologics,Material Code: GZR7T — Client is notified for change in batch manufacturing process. Please respond with signature copy to ensure timely assessment of this change.
SNC Entry 289,BMS,API,Material Code: S4C3B — Client is notified for change in batch manufacturing process. Please respond with signature copy to ensure timely assessment of this change.
SNC Entry 290,GRAM,API,Material Code: O4IZA — Client is notified for change in extending warehouse usage. Please respond with signature copy to ensure timely assessment of this change.
SNC Entry 291,Lonza,Lab Testing,Material Code: QCW76 — Client is notified for change in change in label. Please respond with signature copy to ensure timely assessment of this change.
SNC Entry 292,Hovione,Formulation,Material Code: ATOAZ — Client is notified for change in extending warehouse usage. Please respond with signature copy to ensure timely assessment of this change.
SNC Entry 293,Fisher Clinical,Small Molecule,Material Code: 9A3Y3 — Client is notified for change in change in raw material supplier. Please respond with signature copy to ensure timely assessment of this change.
SNC Entry 294,Lonza,Lab Testing,Material Code: DDFGS — Client is notified for change in change in column name. Please respond with signature copy to ensure timely assessment of this change.
SNC Entry 295,Hovione,Lab Testing,Material Code: JONOU — Client is notified for change in change in excipients. Please respond with signature copy to ensure timely assessment of this change.
SNC Entry 296,Lonza,API,Material Code: K3C9X — Client is notified for change in batch manufacturing process. Please respond with signature copy to ensure timely assessment of this change.
SNC Entry 297,Patheon,API,Material Code: DNTCA — Client is notified for change in change in raw material supplier. Please respond with signature copy to ensure timely assessment of this change.
SNC Entry 298,BMS,API,Material Code: C4XL9 — Client is notified for change in process description report. Please respond with signature copy to ensure timely assessment of this change.
SNC Entry 299,Patheon,Small Molecule,Material Code: 67I6Y — Client is notified for change in change in QA leadership. Please respond with signature copy to ensure timely assessment of this change.
SNC Entry 300,Lonza,Small Molecule,Material Code: RBC76 — Client is notified for change in change in QA leadership. Please respond with signature copy to ensure timely assessment of this change.
SNC Entry 301,SNC (Boehringer Ingelheim/108112) - SPIL,Lab Testing,Material Code: XG4AH — Client is notified for change in change in raw material supplier. Please respond with signature copy to ensure timely assessment of this change.
SNC Entry 302,SNC (Boehringer Ingelheim/108112) - R&D,Lab Testing,Material Code: 1ZOCF — Client is notified for change in change in excipients. Please respond with signature copy to ensure timely assessment of this change.
SNC Entry 303,BMS,Biologics,Material Code: U4YTN — Client is notified for change in change in raw material supplier. Please respond with signature copy to ensure timely assessment of this change.
SNC Entry 304,Fisher Clinical,Biologics,Material Code: 2YC0M — Client is notified for change in process description report. Please respond with signature copy to ensure timely assessment of this change.
SNC Entry 305,GRAM,API,Material Code: P4M18 — Client is notified for change in change in packaging label. Please respond with signature copy to ensure timely assessment of this change.
SNC Entry 306,Patheon,Small Molecule,Material Code: 8LW2Q — Client is notified for change in change in excipients. Please respond with signature copy to ensure timely assessment of this change.
SNC Entry 307,GRAM,Small Molecule,Material Code: M7PYX — Client is notified for change in process description report. Please respond with signature copy to ensure timely assessment of this change.
SNC Entry 308,Hovione,Lab Testing,Material Code: 1KICJ — Client is notified for change in change in packaging label. Please respond with signature copy to ensure timely assessment of this change.
SNC Entry 309,SNC (Boehringer Ingelheim/108112) - Biologics EQ,Formulation,Material Code: ZW0LD — Client is notified for change in batch manufacturing process. Please respond with signature copy to ensure timely assessment of this change.
SNC Entry 310,SNC (Boehringer Ingelheim/108112) - SPIL,API,Material Code: 7Q1DD — Client is notified for change in change in packaging label. Please respond with signature copy to ensure timely assessment of this change.
SNC Entry 311,Hovione,Biologics,Material Code: QTOAM — Client is notified for change in process description report. Please respond with signature copy to ensure timely assessment of this change.
SNC Entry 312,Pfizer,Formulation,Material Code: V25AO — Client is notified for change in process description report. Please respond with signature copy to ensure timely assessment of this change.
SNC Entry 313,Hovione,Small Molecule,Material Code: 0U9IS — Client is notified for change in change in packaging label. Please respond with signature copy to ensure timely assessment of this change.
